{"nodes":[{"data":{"id":"archimate","label":"ArchiMate","securityLevel":"securityLevel3","size-before-collapse":{"w":900,"h":839.5599059186129},"collapsedChildren":null,"x-before-fisheye":1015.8237542477731,"y-before-fisheye":605.7566405188263,"width-before-fisheye":2429.947380763544,"height-before-fisheye":2148.952277728121},"position":{"x":918.9134466490507,"y":891.6275117248531},"group":"nodes","removed":false,"selected":false,"selectable":true,"locked":false,"grabbable":true,"pannable":false,"classes":""},{"data":{"parent":"archimate","id":"business","type":"layer","label":"Business layer","securityLevel":"securityLevel3","size-before-collapse":{"w":453,"h":394.05990591861274},"collapsedChildren":null,"x-before-fisheye":315.4044350034908,"y-before-fisheye":239.27995295930634,"width-before-fisheye":628.8088700069815,"height-before-fisheye":443.55990591861274},"position":{"x":692.6634466490507,"y":728.1275117248531},"group":"nodes","removed":false,"selected":false,"selectable":true,"locked":false,"grabbable":true,"pannable":false,"classes":""},{"data":{"parent":"archimate","id":"application","type":"layer","label":"Application layer","securityLevel":"securityLevel3","size-before-collapse":{"w":311.5,"h":212.50000000000006},"collapsedChildren":null,"x-before-fisheye":1240.3525884988112,"y-before-fisheye":734.5914676822509,"width-before-fisheye":311.5,"height-before-fisheye":212.50000000000006},"position":{"x":1135.1634466490507,"y":1070.377511724853},"group":"nodes","removed":false,"selected":false,"selectable":true,"locked":false,"grabbable":true,"pannable":false,"classes":""},{"data":{"parent":"archimate","id":"techno","type":"layer","label":"technology & physical layer","securityLevel":"securityLevel3","size-before-collapse":{"w":364.5,"h":273.50000000000006},"collapsedChildren":null,"x-before-fisheye":312.9730972371884,"y-before-fisheye":766.1924264808542,"width-before-fisheye":364.5,"height-before-fisheye":273.50000000000006},"position":{"x":1081.1634466490507,"y":655.3775117248531},"group":"nodes","removed":false,"selected":false,"selectable":true,"locked":false,"grabbable":true,"pannable":false,"classes":""},{"data":{"parent":"archimate","id":"strategy","type":"layer","label":"Strategy layer","securityLevel":"securityLevel3","size-before-collapse":{"w":177,"h":151.5},"collapsedChildren":null,"x-before-fisheye":618.0006647674944,"y-before-fisheye":1481.276674286829,"width-before-fisheye":177,"height-before-fisheye":151.5},"position":{"x":1323.9134466490507,"y":1039.877511724853},"group":"nodes","removed":false,"selected":false,"selectable":true,"locked":false,"grabbable":true,"pannable":false,"classes":""},{"data":{"parent":"archimate","id":"motivation","type":"layer","label":"Motivation layer","securityLevel":"securityLevel3","size-before-collapse":{"w":275.5,"h":212.50000000000006},"collapsedChildren":null,"x-before-fisheye":1087.3808283848605,"y-before-fisheye":1085.3340798305067,"width-before-fisheye":275.5,"height-before-fisheye":212.50000000000006},"position":{"x":896.6634466490507,"y":1078.6872639879825},"group":"nodes","removed":false,"selected":false,"selectable":true,"locked":false,"grabbable":true,"pannable":false,"classes":""},{"data":{"parent":"archimate","id":"imp","type":"layer","label":"Implementation & Migration layer","securityLevel":"securityLevel3","size-before-collapse":{"w":381.5,"h":363.1309136122444},"collapsedChildren":null,"x-before-fisheye":1369.585527432865,"y-before-fisheye":209.81545680612226,"width-before-fisheye":521.1778416490968,"height-before-fisheye":384.6309136122444},"position":{"x":607.1634466490507,"y":1082.127511724853},"group":"nodes","removed":false,"selected":false,"selectable":true,"locked":false,"grabbable":true,"pannable":false,"classes":""},{"data":{"parent":"archimate","id":"other","type":"layer","label":"other","securityLevel":"securityLevel3","size-before-collapse":{"w":145.5,"h":90.5},"collapsedChildren":null,"x-before-fisheye":1237.5126034408822,"y-before-fisheye":1846.459592765252,"width-before-fisheye":145.5,"height-before-fisheye":90.5},"position":{"x":590.1634466490507,"y":1271.877511724853},"group":"nodes","removed":false,"selected":false,"selectable":true,"locked":false,"grabbable":true,"pannable":false,"classes":""},{"data":{"parent":"archimate","id":"relations","label":"relations","securityLevel":"securityLevel3"},"position":{"x":774.4134466490507,"y":1270.127511724853},"group":"nodes","removed":false,"selected":false,"selectable":true,"locked":false,"grabbable":true,"pannable":false,"classes":""},{"data":{"parent":"archimate","id":"meta","label":"meta","securityLevel":"securityLevel3","size-before-collapse":{"w":211,"h":151.5},"collapsedChildren":null,"x-before-fisheye":148.47735736264121,"y-before-fisheye":1535.7053478652674,"width-before-fisheye":211,"height-before-fisheye":151.5},"position":{"x":1307.4134466490507,"y":594.3775117248531},"group":"nodes","removed":false,"selected":false,"selectable":true,"locked":false,"grabbable":true,"pannable":false,"classes":""},{"data":{"parent":"archimate","id":"visual","label":"visual","securityLevel":"securityLevel3","size-before-collapse":{"w":74,"h":90.5},"collapsedChildren":null,"x-before-fisheye":1739.8737801048628,"y-before-fisheye":1896.1050105704219,"width-before-fisheye":74,"height-before-fisheye":90.5},"position":{"x":703.4134466490507,"y":1271.877511724853},"group":"nodes","removed":false,"selected":false,"selectable":true,"locked":false,"grabbable":true,"pannable":false,"classes":""},{"data":{"parent":"business","id":"11","label":"business-actor","type":"business-actor","securityLevel":"securityLevel3","size-before-collapse":{"w":318,"h":311.5},"collapsedChildren":null,"x-before-fisheye":198.68387000698152,"y-before-fisheye":132.87499999999997,"width-before-fisheye":310.75,"height-before-fisheye":230.75},"position":{"x":595.4134466490507,"y":666.3775117248531},"group":"nodes","removed":false,"selected":false,"selectable":true,"locked":false,"grabbable":true,"pannable":false,"classes":""},{"data":{"parent":"business","id":"12","label":"business-collaboration","type":"business-collaboration","securityLevel":"securityLevel3"},"position":{"x":838.9134466490507,"y":572.1275117248531},"group":"nodes","removed":false,"selected":false,"selectable":true,"locked":false,"grabbable":true,"pannable":false,"classes":""},{"data":{"parent":"business","id":"13","label":"business-event","type":"business-event","securityLevel":"securityLevel3"},"position":{"x":561.4134466490507,"y":875.6275117248531},"group":"nodes","removed":false,"selected":false,"selectable":true,"locked":false,"grabbable":true,"pannable":false,"classes":""},{"data":{"parent":"business","id":"14","label":"business-function","type":"business-function","securityLevel":"securityLevel3"},"position":{"x":622.4134466490507,"y":875.6275117248531},"group":"nodes","removed":false,"selected":false,"selectable":true,"locked":false,"grabbable":true,"pannable":false,"classes":""},{"data":{"parent":"business","id":"15","label":"business-interaction","type":"business-interaction","securityLevel":"securityLevel3"},"position":{"x":683.4134466490507,"y":875.6275117248531},"group":"nodes","removed":false,"selected":false,"selectable":true,"locked":false,"grabbable":true,"pannable":false,"classes":""},{"data":{"parent":"business","id":"16","label":"business-interface","type":"business-interface","securityLevel":"securityLevel3"},"position":{"x":744.4134466490507,"y":875.6275117248531},"group":"nodes","removed":false,"selected":false,"selectable":true,"locked":false,"grabbable":true,"pannable":false,"classes":""},{"data":{"parent":"business","id":"17","label":"business-object","type":"business-object","securityLevel":"securityLevel3"},"position":{"x":805.4134466490507,"y":875.6275117248531},"group":"nodes","removed":false,"selected":false,"selectable":true,"locked":false,"grabbable":true,"pannable":false,"classes":""},{"data":{"parent":"business","id":"18","label":"business-process","type":"business-process","securityLevel":"securityLevel3"},"position":{"x":866.4134466490507,"y":875.6275117248531},"group":"nodes","removed":false,"selected":false,"selectable":true,"locked":false,"grabbable":true,"pannable":false,"classes":""},{"data":{"parent":"business","id":"19","label":"business-role","type":"business-role","securityLevel":"securityLevel3"},"position":{"x":899.9134466490507,"y":572.1275117248531},"group":"nodes","removed":false,"selected":false,"selectable":true,"locked":false,"grabbable":true,"pannable":false,"classes":""},{"data":{"parent":"business","id":"20","label":"business-service","type":"business-service","securityLevel":"securityLevel3"},"position":{"x":561.4134466490507,"y":936.6275117248531},"group":"nodes","removed":false,"selected":false,"selectable":true,"locked":false,"grabbable":true,"pannable":false,"classes":""},{"data":{"parent":"business","id":"24","label":"contract","type":"contract","securityLevel":"securityLevel3"},"position":{"x":622.4134466490507,"y":936.6275117248531},"group":"nodes","removed":false,"selected":false,"selectable":true,"locked":false,"grabbable":true,"pannable":false,"classes":""},{"data":{"parent":"business","id":"49","label":"product","type":"product","securityLevel":"securityLevel3"},"position":{"x":683.4134466490507,"y":936.6275117248531},"group":"nodes","removed":false,"selected":false,"selectable":true,"locked":false,"grabbable":true,"pannable":false,"classes":""},{"data":{"parent":"business","id":"50","label":"representation","type":"representation","securityLevel":"securityLevel3"},"position":{"x":744.4134466490507,"y":936.6275117248531},"group":"nodes","removed":false,"selected":false,"selectable":true,"locked":false,"grabbable":true,"pannable":false,"classes":""},{"data":{"parent":"11","id":"extensionBusinessActor_DMN","label":"Business Actor Extensions DMN","securityLevel":"securityLevel3","size-before-collapse":{"w":247.5,"h":212.5},"collapsedChildren":null,"x-before-fisheye":172.25,"y-before-fisheye":43,"width-before-fisheye":247.5,"height-before-fisheye":212.5},"position":{"x":619.1634466490507,"y":644.8775117248531},"group":"nodes","removed":false,"selected":false,"selectable":true,"locked":false,"grabbable":true,"pannable":false,"classes":""},{"data":{"parent":"11","id":"extensionBusinessActor_Military","label":"Business Actor Extensions Military","securityLevel":"securityLevel3"},"position":{"x":571.4134466490507,"y":785.1275117248531},"group":"nodes","removed":false,"selected":false,"selectable":true,"locked":false,"grabbable":true,"pannable":false,"classes":""},{"data":{"parent":"extensionBusinessActor_DMN","id":"66","label":"Network of enteprise","type":"enterprise-network","securityLevel":"securityLevel3"},"position":{"x":581.4134466490507,"y":592.1275117248531},"group":"nodes","removed":false,"selected":false,"selectable":true,"locked":false,"grabbable":true,"pannable":false,"classes":""},{"data":{"parent":"extensionBusinessActor_DMN","id":"67","label":"Ecosystem Business","type":"business-ecosystem","securityLevel":"securityLevel3"},"position":{"x":642.4134466490507,"y":592.1275117248531},"group":"nodes","removed":false,"selected":false,"selectable":true,"locked":false,"grabbable":true,"pannable":false,"classes":""},{"data":{"parent":"extensionBusinessActor_DMN","id":"68","label":"Enterprise","type":"enterprise","securityLevel":"securityLevel3"},"position":{"x":581.4134466490507,"y":653.1275117248531},"group":"nodes","removed":false,"selected":false,"selectable":true,"locked":false,"grabbable":true,"pannable":false,"classes":""},{"data":{"parent":"extensionBusinessActor_DMN","id":"69","label":"Deparment","type":"department","securityLevel":"securityLevel3"},"position":{"x":642.4134466490507,"y":653.1275117248531},"group":"nodes","removed":false,"selected":false,"selectable":true,"locked":false,"grabbable":true,"pannable":false,"classes":""},{"data":{"parent":"extensionBusinessActor_DMN","id":"70","label":"Service","type":"service","securityLevel":"securityLevel3"},"position":{"x":703.4134466490507,"y":592.1275117248531},"group":"nodes","removed":false,"selected":false,"selectable":true,"locked":false,"grabbable":true,"pannable":false,"classes":""},{"data":{"parent":"extensionBusinessActor_DMN","id":"73","label":"Team","type":"team","securityLevel":"securityLevel3"},"position":{"x":703.4134466490507,"y":653.1275117248531},"group":"nodes","removed":false,"selected":false,"selectable":true,"locked":false,"grabbable":true,"pannable":false,"classes":""},{"data":{"parent":"extensionBusinessActor_DMN","id":"74","label":"Person","type":"person","securityLevel":"securityLevel3"},"position":{"x":581.4134466490507,"y":714.1275117248531},"group":"nodes","removed":false,"selected":false,"selectable":true,"locked":false,"grabbable":true,"pannable":false,"classes":""},{"data":{"parent":"application","id":"01","label":"application-collaboration","type":"application-collaboration","securityLevel":"securityLevel3"},"position":{"x":1078.4134466490507,"y":1017.6275117248531},"group":"nodes","removed":false,"selected":false,"selectable":true,"locked":false,"grabbable":true,"pannable":false,"classes":""},{"data":{"parent":"application","id":"02","label":"application-component","type":"application-component","securityLevel":"securityLevel3"},"position":{"x":1139.4134466490507,"y":1017.6275117248531},"group":"nodes","removed":false,"selected":false,"selectable":true,"locked":false,"grabbable":true,"pannable":false,"classes":""},{"data":{"parent":"application","id":"03","label":"application-event","type":"application-event","securityLevel":"securityLevel3"},"position":{"x":1078.4134466490507,"y":1078.627511724853},"group":"nodes","removed":false,"selected":false,"selectable":true,"locked":false,"grabbable":true,"pannable":false,"classes":""},{"data":{"parent":"application","id":"04","label":"application-function","type":"application-function","securityLevel":"securityLevel3"},"position":{"x":1139.4134466490507,"y":1078.627511724853},"group":"nodes","removed":false,"selected":false,"selectable":true,"locked":false,"grabbable":true,"pannable":false,"classes":""},{"data":{"parent":"application","id":"05","label":"application-interaction","type":"application-interaction","securityLevel":"securityLevel3"},"position":{"x":1200.4134466490507,"y":1017.6275117248531},"group":"nodes","removed":false,"selected":false,"selectable":true,"locked":false,"grabbable":true,"pannable":false,"classes":""},{"data":{"parent":"application","id":"06","label":"application-interface","type":"application-interface","securityLevel":"securityLevel3"},"position":{"x":1200.4134466490507,"y":1078.627511724853},"group":"nodes","removed":false,"selected":false,"selectable":true,"locked":false,"grabbable":true,"pannable":false,"classes":""},{"data":{"parent":"application","id":"07","label":"application-process","type":"application-process","securityLevel":"securityLevel3"},"position":{"x":1078.4134466490507,"y":1139.627511724853},"group":"nodes","removed":false,"selected":false,"selectable":true,"locked":false,"grabbable":true,"pannable":false,"classes":""},{"data":{"parent":"application","id":"08","label":"application-service","type":"application-service","securityLevel":"securityLevel3"},"position":{"x":1139.4134466490507,"y":1139.627511724853},"group":"nodes","removed":false,"selected":false,"selectable":true,"locked":false,"grabbable":true,"pannable":false,"classes":""},{"data":{"parent":"application","id":"26","label":"data-object","type":"data-object","securityLevel":"securityLevel3"},"position":{"x":1200.4134466490507,"y":1139.627511724853},"group":"nodes","removed":false,"selected":false,"selectable":true,"locked":false,"grabbable":true,"pannable":false,"classes":""},{"data":{"parent":"techno","id":"09","label":"artifact","type":"artifact","securityLevel":"securityLevel3"},"position":{"x":980.9134466490507,"y":572.1275117248531},"group":"nodes","removed":false,"selected":false,"selectable":true,"locked":false,"grabbable":true,"pannable":false,"classes":""},{"data":{"parent":"techno","id":"22","label":"communication-network","type":"communication-network","securityLevel":"securityLevel3"},"position":{"x":1041.9134466490507,"y":572.1275117248531},"group":"nodes","removed":false,"selected":false,"selectable":true,"locked":false,"grabbable":true,"pannable":false,"classes":""},{"data":{"parent":"techno","id":"28","label":"device","type":"device","securityLevel":"securityLevel3"},"position":{"x":980.9134466490507,"y":633.1275117248531},"group":"nodes","removed":false,"selected":false,"selectable":true,"locked":false,"grabbable":true,"pannable":false,"classes":""},{"data":{"parent":"techno","id":"29","label":"distribution-network","type":"distribution-network","securityLevel":"securityLevel3"},"position":{"x":1041.9134466490507,"y":633.1275117248531},"group":"nodes","removed":false,"selected":false,"selectable":true,"locked":false,"grabbable":true,"pannable":false,"classes":""},{"data":{"parent":"techno","id":"31","label":"equipment","type":"equipment","securityLevel":"securityLevel3"},"position":{"x":1102.9134466490507,"y":572.1275117248531},"group":"nodes","removed":false,"selected":false,"selectable":true,"locked":false,"grabbable":true,"pannable":false,"classes":""},{"data":{"parent":"techno","id":"32","label":"facility","type":"facility","securityLevel":"securityLevel3"},"position":{"x":1102.9134466490507,"y":633.1275117248531},"group":"nodes","removed":false,"selected":false,"selectable":true,"locked":false,"grabbable":true,"pannable":false,"classes":""},{"data":{"parent":"techno","id":"40","label":"material","type":"material","securityLevel":"securityLevel3"},"position":{"x":980.9134466490507,"y":694.1275117248531},"group":"nodes","removed":false,"selected":false,"selectable":true,"locked":false,"grabbable":true,"pannable":false,"classes":""},{"data":{"parent":"techno","id":"42","label":"node","type":"node","securityLevel":"securityLevel3"},"position":{"x":1041.9134466490507,"y":694.1275117248531},"group":"nodes","removed":false,"selected":false,"selectable":true,"locked":false,"grabbable":true,"pannable":false,"classes":""},{"data":{"parent":"techno","id":"46","label":"path","type":"path","securityLevel":"securityLevel3"},"position":{"x":1102.9134466490507,"y":694.1275117248531},"group":"nodes","removed":false,"selected":false,"selectable":true,"locked":false,"grabbable":true,"pannable":false,"classes":""},{"data":{"parent":"techno","id":"54","label":"system-software","type":"system-software","securityLevel":"securityLevel3"},"position":{"x":1163.9134466490507,"y":572.1275117248531},"group":"nodes","removed":false,"selected":false,"selectable":true,"locked":false,"grabbable":true,"pannable":false,"classes":""},{"data":{"parent":"techno","id":"55","label":"technology-collaboration","type":"technology-collaboration","securityLevel":"securityLevel3"},"position":{"x":1163.9134466490507,"y":633.1275117248531},"group":"nodes","removed":false,"selected":false,"selectable":true,"locked":false,"grabbable":true,"pannable":false,"classes":""},{"data":{"parent":"techno","id":"56","label":"technology-event","type":"technology-event","securityLevel":"securityLevel3"},"position":{"x":1163.9134466490507,"y":694.1275117248531},"group":"nodes","removed":false,"selected":false,"selectable":true,"locked":false,"grabbable":true,"pannable":false,"classes":""},{"data":{"parent":"techno","id":"57","label":"technology-function","type":"technology-function","securityLevel":"securityLevel3"},"position":{"x":980.9134466490507,"y":755.1275117248531},"group":"nodes","removed":false,"selected":false,"selectable":true,"locked":false,"grabbable":true,"pannable":false,"classes":""},{"data":{"parent":"techno","id":"58","label":"technology-interaction","type":"technology-interaction","securityLevel":"securityLevel3"},"position":{"x":1041.9134466490507,"y":755.1275117248531},"group":"nodes","removed":false,"selected":false,"selectable":true,"locked":false,"grabbable":true,"pannable":false,"classes":""},{"data":{"parent":"techno","id":"60","label":"technology-process","type":"technology-process","securityLevel":"securityLevel3"},"position":{"x":1102.9134466490507,"y":755.1275117248531},"group":"nodes","removed":false,"selected":false,"selectable":true,"locked":false,"grabbable":true,"pannable":false,"classes":""},{"data":{"parent":"techno","id":"61","label":"technology-service","type":"technology-service","securityLevel":"securityLevel3"},"position":{"x":1163.9134466490507,"y":755.1275117248531},"group":"nodes","removed":false,"selected":false,"selectable":true,"locked":false,"grabbable":true,"pannable":false,"classes":""},{"data":{"parent":"strategy","id":"21","label":"capability","type":"capability","securityLevel":"securityLevel3"},"position":{"x":1281.4134466490507,"y":1017.6275117248531},"group":"nodes","removed":false,"selected":false,"selectable":true,"locked":false,"grabbable":true,"pannable":false,"classes":""},{"data":{"parent":"strategy","id":"25","label":"course-of-action","type":"course-of-action","securityLevel":"securityLevel3"},"position":{"x":1342.4134466490507,"y":1017.6275117248531},"group":"nodes","removed":false,"selected":false,"selectable":true,"locked":false,"grabbable":true,"pannable":false,"classes":""},{"data":{"parent":"strategy","id":"52","label":"resource","type":"resource","securityLevel":"securityLevel3"},"position":{"x":1281.4134466490507,"y":1078.627511724853},"group":"nodes","removed":false,"selected":false,"selectable":true,"locked":false,"grabbable":true,"pannable":false,"classes":""},{"data":{"parent":"motivation","id":"10","label":"assessment","type":"assessment","securityLevel":"securityLevel3"},"position":{"x":814.4134466490507,"y":1017.6275117248531},"group":"nodes","removed":false,"selected":false,"selectable":true,"locked":false,"grabbable":true,"pannable":false,"classes":""},{"data":{"parent":"motivation","id":"23","label":"constraint","type":"constraint","securityLevel":"securityLevel3"},"position":{"x":875.4134466490507,"y":1017.6275117248531},"group":"nodes","removed":false,"selected":false,"selectable":true,"locked":false,"grabbable":true,"pannable":false,"classes":""},{"data":{"parent":"motivation","id":"30","label":"driver","type":"driver","securityLevel":"securityLevel3"},"position":{"x":814.4134466490507,"y":1078.627511724853},"group":"nodes","removed":false,"selected":false,"selectable":true,"locked":false,"grabbable":true,"pannable":false,"classes":""},{"data":{"parent":"motivation","id":"34","label":"goal","type":"goal","securityLevel":"securityLevel3"},"position":{"x":875.4134466490507,"y":1078.627511724853},"group":"nodes","removed":false,"selected":false,"selectable":true,"locked":false,"grabbable":true,"pannable":false,"classes":""},{"data":{"parent":"motivation","id":"41","label":"meaning","type":"meaning","securityLevel":"securityLevel3"},"position":{"x":936.4134466490507,"y":1017.6275117248531},"group":"nodes","removed":false,"selected":false,"selectable":true,"locked":false,"grabbable":true,"pannable":false,"classes":""},{"data":{"parent":"motivation","id":"44","label":"outcome","type":"outcome","securityLevel":"securityLevel3"},"position":{"x":936.4134466490507,"y":1078.627511724853},"group":"nodes","removed":false,"selected":false,"selectable":true,"locked":false,"grabbable":true,"pannable":false,"classes":""},{"data":{"parent":"motivation","id":"48","label":"principle","type":"principle","securityLevel":"securityLevel3"},"position":{"x":814.4134466490507,"y":1139.627511724853},"group":"nodes","removed":false,"selected":false,"selectable":true,"locked":false,"grabbable":true,"pannable":false,"classes":""},{"data":{"parent":"motivation","id":"51","label":"requirement","type":"requirement","securityLevel":"securityLevel3"},"position":{"x":875.4134466490507,"y":1139.627511724853},"group":"nodes","removed":false,"selected":false,"selectable":true,"locked":false,"grabbable":true,"pannable":false,"classes":""},{"data":{"parent":"motivation","id":"53","label":"stakeholder","type":"stakeholder","securityLevel":"securityLevel3"},"position":{"x":972.0266706338917,"y":1156.2470162511122},"group":"nodes","removed":false,"selected":false,"selectable":true,"locked":false,"grabbable":true,"pannable":false,"classes":""},{"data":{"parent":"motivation","id":"62","label":"value","type":"value","securityLevel":"securityLevel3"},"position":{"x":997.4134466490507,"y":1017.6275117248531},"group":"nodes","removed":false,"selected":false,"selectable":true,"locked":false,"grabbable":true,"pannable":false,"classes":""},{"data":{"parent":"imp","id":"27","label":"deliverable","type":"deliverable","securityLevel":"securityLevel3"},"position":{"x":733.4134466490507,"y":1017.6275117248531},"group":"nodes","removed":false,"selected":false,"selectable":true,"locked":false,"grabbable":true,"pannable":false,"classes":""},{"data":{"parent":"imp","id":"33","label":"gap","type":"gap","securityLevel":"securityLevel3"},"position":{"x":561.4134466490507,"y":1199.127511724853},"group":"nodes","removed":false,"selected":false,"selectable":true,"locked":false,"grabbable":true,"pannable":false,"classes":""},{"data":{"parent":"imp","id":"37","label":"implementation-event","type":"implementation-event","securityLevel":"securityLevel3"},"position":{"x":622.4134466490507,"y":1199.127511724853},"group":"nodes","removed":false,"selected":false,"selectable":true,"locked":false,"grabbable":true,"pannable":false,"classes":""},{"data":{"parent":"imp","id":"47","label":"plateau","type":"plateau","securityLevel":"securityLevel3"},"position":{"x":683.4134466490507,"y":1199.127511724853},"group":"nodes","removed":false,"selected":false,"selectable":true,"locked":false,"grabbable":true,"pannable":false,"classes":""},{"data":{"parent":"imp","id":"63","label":"workpackage","type":"workpackage","securityLevel":"securityLevel3","size-before-collapse":{"w":358.5,"h":130},"collapsedChildren":null,"x-before-fisheye":180.2500000000001,"y-before-fisheye":63.625,"width-before-fisheye":358.5,"height-before-fisheye":92.25},"position":{"x":586.6634466490507,"y":1050.877511724853},"group":"nodes","removed":false,"selected":false,"selectable":true,"locked":false,"grabbable":true,"pannable":false,"classes":""},{"data":{"parent":"63","id":"extensionWorkpackage_DMN","label":"Workpackage Extensions DMN","securityLevel":"securityLevel3","size-before-collapse":{"w":142,"h":90.5},"collapsedChildren":null,"x-before-fisheye":113,"y-before-fisheye":44.75,"width-before-fisheye":142,"height-before-fisheye":90.5},"position":{"x":608.9134466490507,"y":1029.377511724853},"group":"nodes","removed":false,"selected":false,"selectable":true,"locked":false,"grabbable":true,"pannable":false,"classes":""},{"data":{"parent":"63","id":"extensionWorkpackage_Military","label":"Workpackage Extensions Military","securityLevel":"securityLevel3"},"position":{"x":571.4134466490507,"y":1108.627511724853},"group":"nodes","removed":false,"selected":false,"selectable":true,"locked":false,"grabbable":true,"pannable":false,"classes":""},{"data":{"parent":"extensionWorkpackage_DMN","id":"71","label":"Program","type":"program","securityLevel":"securityLevel3"},"position":{"x":581.4134466490507,"y":1037.627511724853},"group":"nodes","removed":false,"selected":false,"selectable":true,"locked":false,"grabbable":true,"pannable":false,"classes":""},{"data":{"parent":"extensionWorkpackage_DMN","id":"72","label":"Project","type":"project","securityLevel":"securityLevel3"},"position":{"x":642.4134466490507,"y":1037.627511724853},"group":"nodes","removed":false,"selected":false,"selectable":true,"locked":false,"grabbable":true,"pannable":false,"classes":""},{"data":{"parent":"other","id":"36","label":"grouping","type":"grouping","securityLevel":"securityLevel3"},"position":{"x":561.4134466490507,"y":1280.127511724853},"group":"nodes","removed":false,"selected":false,"selectable":true,"locked":false,"grabbable":true,"pannable":false,"classes":""},{"data":{"parent":"other","id":"39","label":"location","type":"location","securityLevel":"securityLevel3"},"position":{"x":622.4134466490507,"y":1280.127511724853},"group":"nodes","removed":false,"selected":false,"selectable":true,"locked":false,"grabbable":true,"pannable":false,"classes":""},{"data":{"parent":"meta","id":"38","label":"layer","type":"layer","securityLevel":"securityLevel3"},"position":{"x":1244.9134466490507,"y":572.1275117248531},"group":"nodes","removed":false,"selected":false,"selectable":true,"locked":false,"grabbable":true,"pannable":false,"classes":""},{"data":{"parent":"meta","id":"43","label":"model","type":"model","securityLevel":"securityLevel3"},"position":{"x":1305.9134466490507,"y":572.1275117248531},"group":"nodes","removed":false,"selected":false,"selectable":true,"locked":false,"grabbable":true,"pannable":false,"classes":""},{"data":{"parent":"meta","id":"45","label":"package","type":"package","securityLevel":"securityLevel3"},"position":{"x":1244.9134466490507,"y":633.1275117248531},"group":"nodes","removed":false,"selected":false,"selectable":true,"locked":false,"grabbable":true,"pannable":false,"classes":""},{"data":{"parent":"meta","id":"64","label":"view","type":"view","securityLevel":"securityLevel3"},"position":{"x":1305.9134466490507,"y":633.1275117248531},"group":"nodes","removed":false,"selected":false,"selectable":true,"locked":false,"grabbable":true,"pannable":false,"classes":""},{"data":{"parent":"meta","id":"65","label":"viewpoint","type":"viewpoint","securityLevel":"securityLevel3"},"position":{"x":1366.9134466490507,"y":572.1275117248531},"group":"nodes","removed":false,"selected":false,"selectable":true,"locked":false,"grabbable":true,"pannable":false,"classes":""},{"data":{"parent":"visual","id":"35","label":"group","type":"group","securityLevel":"securityLevel3"},"position":{"x":703.4134466490507,"y":1280.127511724853},"group":"nodes","removed":false,"selected":false,"selectable":true,"locked":false,"grabbable":true,"pannable":false,"classes":""}],"edges":[]}